-- Limpiar tablas antes de insertar
SET FOREIGN_KEY_CHECKS = 0;
TRUNCATE TABLE practicas;
TRUNCATE TABLE titulacion;
TRUNCATE TABLE maestros_guias;
TRUNCATE TABLE empresas;
TRUNCATE TABLE docentes;
TRUNCATE TABLE estudiantes;
TRUNCATE TABLE personas;
SET FOREIGN_KEY_CHECKS = 1;

-- Insertar datos
SET FOREIGN_KEY_CHECKS = 0;

-- Inserciones para la tabla personas
INSERT INTO personas (id_persona, nombre, rut, email, telefono, direccion, rol) VALUES (1, 'Tiburcio de Bravo', '17.434.295-1', 'alex68@carbonell.es', '+56901122345', 'Acceso de María José Rivas 18 Guipúzcoa, 99020', 'docente');
INSERT INTO personas (id_persona, nombre, rut, email, telefono, direccion, rol) VALUES (2, 'Manuela Benet Ramirez', '21.977.226-K', 'leandro05@yahoo.com', '+56972031210', 'Calle de Leonel Uría 1 Puerta 7  León, 48578', 'docente');
INSERT INTO personas (id_persona, nombre, rut, email, telefono, direccion, rol) VALUES (3, 'Juan Carlos Castro Zurita', '16.449.818-0', 'grauleandra@gmail.com', '+56970039432', 'Ronda Ángeles Bilbao 54 Apt. 50  Lugo, 73975', 'docente');
INSERT INTO personas (id_persona, nombre, rut, email, telefono, direccion, rol) VALUES (4, 'Elodia Arenas-Bermúdez', '19.094.832-7', 'vaquerodiana@gallego-toro.com', '+56992197876', 'C. Evelia Galván 19 Cuenca, 54910', 'docente');
INSERT INTO personas (id_persona, nombre, rut, email, telefono, direccion, rol) VALUES (5, 'Marcela Márquez Bravo', '8.541.296-6', 'carmelogimenez@contreras.net', '+56974673200', 'Glorieta de Violeta Soria 2 Puerta 1  Cáceres, 77028', 'docente');
INSERT INTO personas (id_persona, nombre, rut, email, telefono, direccion, rol) VALUES (6, 'León del Balaguer', '17.153.013-K', 'lucho44@gmail.com', '+56973976139', 'Camino de Feliciana Cifuentes 3 Teruel, 99675', 'docente');
INSERT INTO personas (id_persona, nombre, rut, email, telefono, direccion, rol) VALUES (7, 'Merche Real Villegas', '20.426.292-2', 'kandrade@gmail.com', '+56994910690', 'Pasadizo Rosalva Romeu 41 Piso 4  Lleida, 78610', 'docente');
INSERT INTO personas (id_persona, nombre, rut, email, telefono, direccion, rol) VALUES (8, 'Ester Ema Torre Gimeno', '19.612.523-2', 'mbaeza@espinosa.org', '+56971992638', 'Camino Eloy Belda 83 Albacete, 14628', 'docente');
INSERT INTO personas (id_persona, nombre, rut, email, telefono, direccion, rol) VALUES (9, 'Margarita Ferrándiz Abad', '22.506.915-K', 'buenaventura37@clemente.es', '+56996284086', 'Urbanización Silvestre Alcántara 74 Apt. 22  Castellón, 47265', 'maestro');
INSERT INTO personas (id_persona, nombre, rut, email, telefono, direccion, rol) VALUES (10, 'Concepción Peláez Vicens', '14.062.461-9', 'severinoneira@quiros-alberdi.com', '+56973501495', 'Avenida Vito Ortuño 3 Piso 5  Vizcaya, 18275', 'maestro');
INSERT INTO personas (id_persona, nombre, rut, email, telefono, direccion, rol) VALUES (11, 'Carmela Mirta Barragán Vives', '23.058.086-7', 'nydiabenet@yahoo.com', '+56973866219', 'Via Esther Morell 60 Apt. 31  Valencia, 09089', 'maestro');
INSERT INTO personas (id_persona, nombre, rut, email, telefono, direccion, rol) VALUES (12, 'Jerónimo Alcolea-Pedro', '20.598.575-6', 'cpinedo@soler-tamarit.com', '+56972917886', 'Calle de Celia Pinilla 828 Piso 5  Cuenca, 26587', 'maestro');
INSERT INTO personas (id_persona, nombre, rut, email, telefono, direccion, rol) VALUES (13, 'Sofía Escudero Vilaplana', '24.880.149-4', 'oariza@hotmail.com', '+56974282227', 'Ronda Pedro Aguilar 82 Granada, 13611', 'maestro');
INSERT INTO personas (id_persona, nombre, rut, email, telefono, direccion, rol) VALUES (14, 'Ricarda Duran Sanjuan', '15.814.747-3', 'calzadacayetano@yahoo.com', '+56966243587', 'Cuesta de Malena Mata 282 Piso 5  Las Palmas, 26484', 'maestro');
INSERT INTO personas (id_persona, nombre, rut, email, telefono, direccion, rol) VALUES (15, 'Azahara Marquez Galan', '7.907.924-4', 'tomasaadadia@yahoo.com', '+56971552736', 'Plaza de Montserrat Pavón 29 Albacete, 69389', 'maestro');
INSERT INTO personas (id_persona, nombre, rut, email, telefono, direccion, rol) VALUES (16, 'Adora Solano Real', '20.126.405-3', 'iguzman@hotmail.com', '+56995292907', 'Alameda de Wilfredo Luz 869 Apt. 80  Córdoba, 33262', 'maestro');
INSERT INTO personas (id_persona, nombre, rut, email, telefono, direccion, rol) VALUES (17, 'Araceli Lorenzo Tamarit', '20.593.028-9', 'cayetano74@figuerola-silva.net', '+56 9 52213778', 'Pasaje de Vera Bou 79 Palencia, 70212', 'maestro');
INSERT INTO personas (id_persona, nombre, rut, email, telefono, direccion, rol) VALUES (18, 'Evelia Catalán Cardona', '17.716.770-5', 'monica45@pizarro-rius.es', '+56 9 43876400', 'Vial Vicenta Lloret 5 Apt. 14  Segovia, 72080', 'maestro');
INSERT INTO personas (id_persona, nombre, rut, email, telefono, direccion, rol) VALUES (19, 'Milagros Sans Salgado', '5.963.012-7', 'kgalan@losa.org', '+56 9 53389073', 'Glorieta Juan Carlos Durán 19 Albacete, 66020', 'maestro');
INSERT INTO personas (id_persona, nombre, rut, email, telefono, direccion, rol) VALUES (20, 'Azucena del Valenciano', '15.905.665-2', 'nereafiguerola@francisco.com', '+56 9 25558733', 'Calle de Ismael Bayona 57 Soria, 02370', 'maestro');
INSERT INTO personas (id_persona, nombre, rut, email, telefono, direccion, rol) VALUES (21, 'Nicolás Borrás Pont', '21.359.461-3', 'zperal@mendez.com', '+56 9 64247457', 'C. Renata Arce 46 Piso 4  Álava, 86845', 'maestro');
INSERT INTO personas (id_persona, nombre, rut, email, telefono, direccion, rol) VALUES (22, 'Eliana Gallart Lerma', '16.905.950-4', 'atilio28@gmail.com', '+56 9 79067939', 'Cañada Alcides Menéndez 76 Murcia, 00437', 'maestro');
INSERT INTO personas (id_persona, nombre, rut, email, telefono, direccion, rol) VALUES (23, 'Roberta Arcelia Campillo Rosa', '16.419.876-4', 'nvillena@segura-lucena.es', '+56 9 10154493', 'Paseo Beatriz Aller 5 Sevilla, 87015', 'maestro');
INSERT INTO personas (id_persona, nombre, rut, email, telefono, direccion, rol) VALUES (24, 'Albino Benito', '14.270.035-8', 'isidorasabater@gmail.com', '+56 9 98269682', 'Rambla de Calista Ramón 7 Piso 4  Toledo, 75316', 'maestro');
INSERT INTO personas (id_persona, nombre, rut, email, telefono, direccion, rol) VALUES (25, 'Víctor Jafet Cañas Iniesta', '5.340.614-8', 'sernaale@hotmail.com', '+56 9 82825679', 'Rambla Marcio Páez 324 Piso 3  Cuenca, 26275', 'maestro');
INSERT INTO personas (id_persona, nombre, rut, email, telefono, direccion, rol) VALUES (26, 'Sigfrido Guerra Campos', '11.410.789-1', 'inesvalera@yahoo.com', '+56 9 72005415', 'Paseo Nayara Palomares 35 La Rioja, 90587', 'maestro');
INSERT INTO personas (id_persona, nombre, rut, email, telefono, direccion, rol) VALUES (27, 'Felisa Amarilis Comas Llopis', '13.098.565-6', 'qmiralles@avila-valera.com', '+56 9 65465150', 'Camino de Raúl Blanes 83 Puerta 3  Salamanca, 04173', 'maestro');
INSERT INTO personas (id_persona, nombre, rut, email, telefono, direccion, rol) VALUES (28, 'Malena Clotilde Morante Aroca', '21.393.952-8', 'gibertprimitivo@gmail.com', '+56 9 17275149', 'Vial de Mónica Ros 2 Girona, 47702', 'maestro');
INSERT INTO personas (id_persona, nombre, rut, email, telefono, direccion, rol) VALUES (29, 'Mireia Martirio Seguí Bastida', '13.063.933-7', 'kcano@vilar-llobet.com', '+56 9 35176902', 'Glorieta de Ascensión Nevado 650 Apt. 22  Tarragona, 72176', 'maestro');
INSERT INTO personas (id_persona, nombre, rut, email, telefono, direccion, rol) VALUES (30, 'Cintia Campo', '21.469.231-7', 'ximenafonseca@gmail.com', '+56 9 79583757', 'Rambla de Godofredo Azcona 25 Piso 0  Lugo, 09157', 'maestro');
INSERT INTO personas (id_persona, nombre, rut, email, telefono, direccion, rol) VALUES (31, 'Miguela Llamas Escribano', '5.578.587-1', 'isaacsanmiguel@carrillo-sevillano.net', '+56 9 58557203', 'Plaza de Anunciación Aparicio 26 Piso 9  Albacete, 65810', 'maestro');
INSERT INTO personas (id_persona, nombre, rut, email, telefono, direccion, rol) VALUES (32, 'Bonifacio Bernal', '14.872.907-3', 'natividad61@rojas-valdes.es', '+56 9 93568503', 'Camino Abraham Español 90 Salamanca, 73947', 'maestro');
INSERT INTO personas (id_persona, nombre, rut, email, telefono, direccion, rol) VALUES (33, 'Dora de Llopis', '18.569.450-3', 'ariel16@yahoo.com', '+56 9 76906611', 'Cuesta Cristina Girona 23 Piso 6  Guipúzcoa, 37500', 'maestro');
INSERT INTO personas (id_persona, nombre, rut, email, telefono, direccion, rol) VALUES (34, 'Lina Socorro Royo Montesinos', '15.274.569-K', 'rufina69@hotmail.com', '+56 9 93940940', 'Ronda de Tania Blasco 332 Piso 3  Segovia, 00859', 'maestro');
INSERT INTO personas (id_persona, nombre, rut, email, telefono, direccion, rol) VALUES (35, 'Gema Figueras Carlos', '24.513.767-5', 'valentinacarranza@andres.com', '+56 9 69329732', 'Cuesta de Erasmo Palomares 31 Girona, 99880', 'maestro');
INSERT INTO personas (id_persona, nombre, rut, email, telefono, direccion, rol) VALUES (36, 'Ciro Andres Hurtado', '20.879.986-8', 'debora62@reig.es', '+56 9 16927215', 'Avenida Roberto Farré 15 Guipúzcoa, 45151', 'maestro');
INSERT INTO personas (id_persona, nombre, rut, email, telefono, direccion, rol) VALUES (37, 'Adrián Galo Pera Álvaro', '22.814.783-5', 'rduran@yahoo.com', '+56 9 37321124', 'C. Cesar Querol 79 Pontevedra, 06750', 'maestro');
INSERT INTO personas (id_persona, nombre, rut, email, telefono, direccion, rol) VALUES (38, 'Calista Paloma Tello Vives', '19.277.538-8', 'mlluch@yahoo.com', '+56 9 45843681', 'Vial de Miguel Ángel Falcón 98 Apt. 66  León, 94654', 'maestro');
INSERT INTO personas (id_persona, nombre, rut, email, telefono, direccion, rol) VALUES (39, 'Dolores María Ángeles Fiol Salamanca', '16.099.514-5', 'vmartinez@gmail.com', '+56 9 83715012', 'Cuesta Alondra Uría 27 Apt. 01  Segovia, 70533', 'maestro');
INSERT INTO personas (id_persona, nombre, rut, email, telefono, direccion, rol) VALUES (40, 'Iker Guardia Iglesia', '20.225.164-4', 'villalbaana-belen@canals-arribas.es', '+56 9 27584297', 'Pasaje de Caridad Riba 909 Asturias, 65842', 'maestro');
INSERT INTO personas (id_persona, nombre, rut, email, telefono, direccion, rol) VALUES (41, 'Matilde Capdevila', '15.288.560-4', 'teodosiolucas@diez-villaverde.com', '+56 9 48658617', 'Cañada Cándida Torralba 201 Melilla, 51526', 'estudiante');
INSERT INTO personas (id_persona, nombre, rut, email, telefono, direccion, rol) VALUES (42, 'María Del Carmen Tudela Hernando', '12.735.573-1', 'ymoliner@gascon.es', '+56 9 68802946', 'Pasadizo de Yolanda Arnaiz 7 Apt. 12  Guipúzcoa, 87909', 'estudiante');
INSERT INTO personas (id_persona, nombre, rut, email, telefono, direccion, rol) VALUES (43, 'Emiliano Marcelo Prat Gallo', '11.462.056-5', 'roldanperez@hotmail.com', '+56 9 75056916', 'Glorieta de América Ledesma 67 Guipúzcoa, 33448', 'estudiante');
INSERT INTO personas (id_persona, nombre, rut, email, telefono, direccion, rol) VALUES (44, 'Mar Quintana Angulo', '9.011.591-8', 'vargaschus@higueras.es', '+56 9 26297533', 'Vial Mayte Silva 925 Puerta 3  Almería, 68446', 'estudiante');
INSERT INTO personas (id_persona, nombre, rut, email, telefono, direccion, rol) VALUES (45, 'Nerea Campo Paredes', '11.212.597-3', 'merinorebeca@gmail.com', '+56 9 13874790', 'C. Jenaro Figuerola 1 Tarragona, 72973', 'estudiante');
INSERT INTO personas (id_persona, nombre, rut, email, telefono, direccion, rol) VALUES (46, 'Gema de Gutierrez', '12.260.663-7', 'bamat@gmail.com', '+56 9 94560158', 'Via de Amor Tovar 721 Guadalajara, 31728', 'estudiante');
INSERT INTO personas (id_persona, nombre, rut, email, telefono, direccion, rol) VALUES (47, 'Susanita Collado', '14.277.787-9', 'calistomoliner@yahoo.com', '+56 9 91721371', 'Callejón Édgar Barba 961 Ávila, 31163', 'estudiante');
INSERT INTO personas (id_persona, nombre, rut, email, telefono, direccion, rol) VALUES (48, 'Paulina Reyes Pla', '22.603.892-9', 'uborrell@yahoo.com', '+56 9 42117961', 'Callejón de Cornelio Andres 342 Puerta 8  Cantabria, 49757', 'estudiante');
INSERT INTO personas (id_persona, nombre, rut, email, telefono, direccion, rol) VALUES (49, 'Sebastián Mulet Pineda', '14.495.860-1', 'salgadofermin@pelaez.es', '+56 9 31257157', 'Rambla Segismundo Jurado 52 Apt. 27  Baleares, 28152', 'estudiante');
INSERT INTO personas (id_persona, nombre, rut, email, telefono, direccion, rol) VALUES (50, 'Charo Lago', '11.513.505-4', 'onofre90@gmail.com', '+56 9 51708177', 'Rambla de Evita Mena 5 Apt. 99  Asturias, 19739', 'estudiante');
INSERT INTO personas (id_persona, nombre, rut, email, telefono, direccion, rol) VALUES (51, 'Kike Sans Guardiola', '12.633.068-5', 'ibanezteofila@alcaraz.com', '+56 9 83932360', 'C. de Carlos Colomer 97 Apt. 68  Zamora, 00129', 'estudiante');
INSERT INTO personas (id_persona, nombre, rut, email, telefono, direccion, rol) VALUES (52, 'Roldán Santos Aparicio', '11.021.059-4', 'debora95@gmail.com', '+56 9 11835355', 'Cañada de Noemí Osuna 96 Puerta 0  Santa Cruz de Tenerife, 02642', 'estudiante');
INSERT INTO personas (id_persona, nombre, rut, email, telefono, direccion, rol) VALUES (53, 'Vilma Ainara Villalobos Azorin', '5.474.740-8', 'cuellartito@hotmail.com', '+56 9 84121929', 'Rambla Agustín Comas 581 Piso 4  Valencia, 58085', 'estudiante');
INSERT INTO personas (id_persona, nombre, rut, email, telefono, direccion, rol) VALUES (54, 'Victoriano Acedo', '9.247.419-4', 'dorita90@gmail.com', '+56 9 64759583', 'Alameda Eulalia Granados 52 Puerta 1  Guipúzcoa, 01046', 'estudiante');
INSERT INTO personas (id_persona, nombre, rut, email, telefono, direccion, rol) VALUES (55, 'Josefa Saez Calatayud', '6.527.253-0', 'maricelacanet@landa-sales.org', '+56 9 22510327', 'Via Santos Villar 91 Puerta 0  Zamora, 53536', 'estudiante');
INSERT INTO personas (id_persona, nombre, rut, email, telefono, direccion, rol) VALUES (56, 'Fátima Malena Poza Bernal', '23.567.645-4', 'talcalde@asenjo-frutos.com', '+56 9 40158811', 'C. de Horacio Espinosa 757 Huelva, 05783', 'estudiante');
INSERT INTO personas (id_persona, nombre, rut, email, telefono, direccion, rol) VALUES (57, 'Sergio del Barral', '9.237.236-K', 'roigherberto@yahoo.com', '+56 9 25228493', 'Rambla Telmo Ugarte 8 Toledo, 73487', 'estudiante');
INSERT INTO personas (id_persona, nombre, rut, email, telefono, direccion, rol) VALUES (58, 'Miguel Ángel del Sáez', '21.471.155-1', 'anabel71@yahoo.com', '+56 9 71934487', 'Cuesta Nacho Santiago 73 Apt. 34  Málaga, 70294', 'estudiante');
INSERT INTO personas (id_persona, nombre, rut, email, telefono, direccion, rol) VALUES (59, 'Jesús Quero Barón', '5.411.558-9', 'albinocodina@yahoo.com', '+56 9 25766039', 'Vial Valero Bauzà 7 Lugo, 16884', 'estudiante');
INSERT INTO personas (id_persona, nombre, rut, email, telefono, direccion, rol) VALUES (60, 'Marisa Roma', '14.540.844-7', 'adeliatalavera@gmail.com', '+56 9 96934122', 'Camino René Román 246 Puerta 7  Córdoba, 14524', 'estudiante');
INSERT INTO personas (id_persona, nombre, rut, email, telefono, direccion, rol) VALUES (61, 'Amada de Guillén', '21.062.983-7', 'leyrepla@arroyo.org', '+56 9 30665654', 'Vial Cloe Prats 54 Puerta 1  Zamora, 09497', 'estudiante');
INSERT INTO personas (id_persona, nombre, rut, email, telefono, direccion, rol) VALUES (62, 'Berta Arenas Rey', '16.432.194-2', 'donato79@rivas-moran.es', '+56 9 76890827', 'Alameda Eric Vera 8 Puerta 4  Salamanca, 28097', 'estudiante');
INSERT INTO personas (id_persona, nombre, rut, email, telefono, direccion, rol) VALUES (63, 'Nayara Varela Carreras', '6.723.916-4', 'jorge82@yahoo.com', '+56 9 49172995', 'Glorieta de David Porta 64 Las Palmas, 15793', 'estudiante');
INSERT INTO personas (id_persona, nombre, rut, email, telefono, direccion, rol) VALUES (64, 'Emiliano Castillo Fortuny', '21.029.931-1', 'onovoa@bello.es', '+56 9 78299645', 'Cuesta de Marina Buendía 933 Apt. 15  Lugo, 67314', 'estudiante');
INSERT INTO personas (id_persona, nombre, rut, email, telefono, direccion, rol) VALUES (65, 'Toni Sobrino Beltrán', '7.192.561-6', 'adelgado@hotmail.com', '+56 9 46698468', 'Cañada de Damián Alegre 3 Puerta 4  León, 25598', 'estudiante');
INSERT INTO personas (id_persona, nombre, rut, email, telefono, direccion, rol) VALUES (66, 'Soraya Santamaria Aguilera', '21.500.276-1', 'panfiloesparza@gmail.com', '+56 9 65766169', 'Pasadizo Herminio Cabeza 48 Zamora, 39344', 'estudiante');
INSERT INTO personas (id_persona, nombre, rut, email, telefono, direccion, rol) VALUES (67, 'Dolores Machado Alfaro', '24.361.617-K', 'quevedovinicio@hotmail.com', '+56 9 74759996', 'Avenida Florina Acedo 5 Teruel, 18063', 'estudiante');
INSERT INTO personas (id_persona, nombre, rut, email, telefono, direccion, rol) VALUES (68, 'Jafet Urrutia Benet', '6.798.822-2', 'dmascaro@yahoo.com', '+56 9 73380266', 'C. de Leandro Paz 2 Cantabria, 43143', 'estudiante');
INSERT INTO personas (id_persona, nombre, rut, email, telefono, direccion, rol) VALUES (69, 'Javier Menendez Gabaldón', '10.006.240-9', 'tcastejon@palmer.es', '+56 9 42713008', 'Vial Filomena Villalba 67 Apt. 93  Melilla, 00842', 'estudiante');
INSERT INTO personas (id_persona, nombre, rut, email, telefono, direccion, rol) VALUES (70, 'Vinicio Mata-Aguado', '15.195.028-1', 'sgonzalo@gmail.com', '+56 9 71308842', 'Calle de Teodosio Corominas 327 Puerta 4  León, 32113', 'estudiante');
INSERT INTO personas (id_persona, nombre, rut, email, telefono, direccion, rol) VALUES (71, 'Fátima Sánchez Ribes', '13.327.906-1', 'azahara04@jerez-requena.es', '+56 9 83989546', 'Plaza de Jordán Mendoza 10 Piso 6  Girona, 22318', 'estudiante');
INSERT INTO personas (id_persona, nombre, rut, email, telefono, direccion, rol) VALUES (72, 'Araceli Segarra Fernandez', '23.725.823-6', 'mohamed22@hernando-iniguez.org', '+56 9 29413516', 'Pasadizo Joaquín Azorin 45 Alicante, 11530', 'estudiante');
INSERT INTO personas (id_persona, nombre, rut, email, telefono, direccion, rol) VALUES (73, 'Marcelo Sevillano Samper', '12.572.803-8', 'coraltur@yahoo.com', '+56 9 61484043', 'C. de Benjamín Cuevas 163 Granada, 17707', 'estudiante');
INSERT INTO personas (id_persona, nombre, rut, email, telefono, direccion, rol) VALUES (74, 'Juan Barrios Roca', '17.763.368-7', 'uvall@aviles-barco.es', '+56 9 35583290', 'Cuesta Francisca Acero 327 Apt. 17  Cantabria, 88611', 'estudiante');
INSERT INTO personas (id_persona, nombre, rut, email, telefono, direccion, rol) VALUES (75, 'Tadeo Alfonso Fábregas', '19.855.251-4', 'eliana34@hotmail.com', '+56 9 90447099', 'Cañada de Azahar Redondo 90 Girona, 94494', 'estudiante');
INSERT INTO personas (id_persona, nombre, rut, email, telefono, direccion, rol) VALUES (76, 'José María del Cervantes', '24.747.626-6', 'riosalbano@zabaleta.es', '+56 9 78214937', 'Pasaje Noemí Escobar 10 Puerta 2  Huesca, 85443', 'estudiante');
INSERT INTO personas (id_persona, nombre, rut, email, telefono, direccion, rol) VALUES (77, 'Celestina Paz Fajardo', '15.246.860-9', 'felicianomendez@gmail.com', '+56 9 28321839', 'Ronda de Rosendo Querol 295 Ourense, 92789', 'estudiante');
INSERT INTO personas (id_persona, nombre, rut, email, telefono, direccion, rol) VALUES (78, 'Adelia Roman-Blanch', '7.020.993-9', 'herassalomon@aguado-tello.es', '+56 9 19369750', 'Pasadizo de Jose Francisco Avilés 981 Puerta 5  Castellón, 79185', 'estudiante');
INSERT INTO personas (id_persona, nombre, rut, email, telefono, direccion, rol) VALUES (79, 'Azahar Gaya Arnal', '8.329.726-3', 'ttudela@asenjo.net', '+56 9 47077298', 'Cañada Natalio Garrido 6 Cantabria, 68061', 'estudiante');
INSERT INTO personas (id_persona, nombre, rut, email, telefono, direccion, rol) VALUES (80, 'Soledad Beltran Ariza', '12.080.830-4', 'fuertesreyna@yahoo.com', '+56 9 65692629', 'Vial de Flavio Carnero 79 Ourense, 17752', 'estudiante');
INSERT INTO personas (id_persona, nombre, rut, email, telefono, direccion, rol) VALUES (81, 'Camilo Olmedo Carrión', '7.724.199-2', 'bastidavictorino@alarcon-rozas.es', '+56 9 55617282', 'Callejón Nayara Álvarez 53 Palencia, 59774', 'estudiante');
INSERT INTO personas (id_persona, nombre, rut, email, telefono, direccion, rol) VALUES (82, 'Ramona Cerro Otero', '13.048.539-2', 'boueric@valverde-silva.com', '+56 9 78147397', 'Avenida de Ale Carlos 52 Apt. 06  Lleida, 13009', 'estudiante');
INSERT INTO personas (id_persona, nombre, rut, email, telefono, direccion, rol) VALUES (83, 'Evangelina Gabaldón Coloma', '23.521.786-1', 'angelicaayuso@franch.es', '+56 9 45859307', 'Pasaje Vilma Alcántara 58 Puerta 9  Cantabria, 12247', 'estudiante');
INSERT INTO personas (id_persona, nombre, rut, email, telefono, direccion, rol) VALUES (84, 'Victor Asenjo Pascual', '10.252.363-0', 'racero@armengol-ponce.es', '+56 9 10344303', 'Camino Silvestre Nogueira 22 Soria, 79187', 'estudiante');
INSERT INTO personas (id_persona, nombre, rut, email, telefono, direccion, rol) VALUES (85, 'Custodio Amor Puerta', '18.707.575-7', 'lorenzopaulina@galvan-tamarit.es', '+56 9 47962005', 'C. Ruben Luís 565 Zamora, 20678', 'estudiante');
INSERT INTO personas (id_persona, nombre, rut, email, telefono, direccion, rol) VALUES (86, 'Maximiliano Rivas', '24.924.997-7', 'ricardacarbo@rosa.es', '+56 9 50071487', 'Vial Edelmiro Valero 3 Navarra, 38194', 'estudiante');
INSERT INTO personas (id_persona, nombre, rut, email, telefono, direccion, rol) VALUES (87, 'Álvaro Castellanos Alcalá', '14.773.040-0', 'cruzzabala@hotmail.com', '+56 9 88777447', 'Via Mercedes Novoa 695 Puerta 4  Teruel, 99434', 'estudiante');
INSERT INTO personas (id_persona, nombre, rut, email, telefono, direccion, rol) VALUES (88, 'Francisco Jose Olivé', '12.767.053-4', 'rebollofelipa@mayoral.net', '+56 9 87835998', 'Paseo de Saturnina Sainz 7 Alicante, 16515', 'estudiante');
INSERT INTO personas (id_persona, nombre, rut, email, telefono, direccion, rol) VALUES (89, 'Ciríaco de Barrera', '14.486.454-7', 'zhuertas@arino-arranz.com', '+56 9 98575748', 'Calle José Antonio Contreras 822 Apt. 70  Las Palmas, 49851', 'estudiante');
INSERT INTO personas (id_persona, nombre, rut, email, telefono, direccion, rol) VALUES (90, 'Jorge Canales Bilbao', '7.388.396-K', 'loreto15@gmail.com', '+56 9 75718414', 'Pasadizo Coral Bernal 565 Piso 8  Valencia, 41649', 'estudiante');
INSERT INTO personas (id_persona, nombre, rut, email, telefono, direccion, rol) VALUES (91, 'Godofredo Galván Bonilla', '12.832.403-4', 'villanuevamaite@yahoo.com', '+56 9 29944139', 'Camino de Petrona Ribera 70 Badajoz, 72628', 'estudiante');
INSERT INTO personas (id_persona, nombre, rut, email, telefono, direccion, rol) VALUES (92, 'Adora Torrent', '24.790.054-K', 'graciaosorio@garay.net', '+56 9 69934576', 'Camino Jimena Albero 39 Apt. 85  Soria, 28174', 'estudiante');
INSERT INTO personas (id_persona, nombre, rut, email, telefono, direccion, rol) VALUES (93, 'Almudena Carvajal-Zaragoza', '11.637.711-6', 'pcarbajo@marti.es', '+56 9 82287061', 'C. Felipa Tejera 39 Puerta 8  Almería, 50813', 'estudiante');
INSERT INTO personas (id_persona, nombre, rut, email, telefono, direccion, rol) VALUES (94, 'Yago Cuéllar Carvajal', '8.851.253-8', 'wlillo@nogues.net', '+56 9 75007200', 'C. de Hortensia Valcárcel 673 Apt. 45  Baleares, 41799', 'estudiante');
INSERT INTO personas (id_persona, nombre, rut, email, telefono, direccion, rol) VALUES (95, 'Ovidio Ruiz Ferrán', '12.543.353-K', 'ricardoanaya@gmail.com', '+56 9 56321751', 'Glorieta Loreto Amat 60 Puerta 6  Lleida, 68458', 'estudiante');
INSERT INTO personas (id_persona, nombre, rut, email, telefono, direccion, rol) VALUES (96, 'César Prado Millán', '9.999.254-4', 'aburgos@yahoo.com', '+56 9 54619335', 'Glorieta de Ruperta León 837 Piso 0  Pontevedra, 32835', 'estudiante');
INSERT INTO personas (id_persona, nombre, rut, email, telefono, direccion, rol) VALUES (97, 'Juan Francisco Medina-Molina', '9.772.657-1', 'natanaelarteaga@hotmail.com', '+56 9 84077101', 'Alameda de José Seco 76 Girona, 10298', 'estudiante');
INSERT INTO personas (id_persona, nombre, rut, email, telefono, direccion, rol) VALUES (98, 'Jose Ignacio Cantero Pereira', '7.001.120-2', 'santamariasofia@gmail.com', '+56 9 82937948', 'Callejón Adela Martin 61 La Coruña, 88844', 'estudiante');
INSERT INTO personas (id_persona, nombre, rut, email, telefono, direccion, rol) VALUES (99, 'Adela de Arco', '15.321.739-9', 'dcriado@muro.es', '+56 9 60628276', 'Pasaje Fito Herranz 4 Piso 7  Álava, 47610', 'estudiante');
INSERT INTO personas (id_persona, nombre, rut, email, telefono, direccion, rol) VALUES (100, 'Feliciana Barbero Roselló', '24.099.419-4', 'martin08@yahoo.com', '+56 9 71115319', 'Ronda de Gabriel Vaquero 48 Puerta 0  Málaga, 27963', 'estudiante');
INSERT INTO personas (id_persona, nombre, rut, email, telefono, direccion, rol) VALUES (101, 'Marciano Cáceres', '19.735.544-1', 'gloria04@gmail.com', '+56 9 53188224', 'Urbanización de Samuel Hoz 1 Apt. 02  Córdoba, 70325', 'estudiante');
INSERT INTO personas (id_persona, nombre, rut, email, telefono, direccion, rol) VALUES (102, 'Remigio Peñas Jerez', '20.726.894-4', 'teodosiopacheco@gmail.com', '+56 9 35320492', 'Callejón de Florencia Duran 9 Piso 6  Ciudad, 42363', 'estudiante');
INSERT INTO personas (id_persona, nombre, rut, email, telefono, direccion, rol) VALUES (103, 'Soraya Mora Armengol', '18.505.944-4', 'azucena07@hotmail.com', '+56 9 42051937', 'Avenida de Moisés Gargallo 13 Apt. 60  Teruel, 74085', 'estudiante');
INSERT INTO personas (id_persona, nombre, rut, email, telefono, direccion, rol) VALUES (104, 'Feliciano Jose Carlos Lumbreras Mora', '21.793.059-8', 'jose-antonio93@garces-benito.com', '+56 9 86745380', 'Vial de Nilda Villalobos 9 Apt. 58  Ceuta, 70886', 'estudiante');
INSERT INTO personas (id_persona, nombre, rut, email, telefono, direccion, rol) VALUES (105, 'Josefina Viñas Velázquez', '21.569.018-7', 'aaronfernandez@hotmail.com', '+56 9 61401477', 'Avenida Lope Cantero 15 Vizcaya, 13605', 'estudiante');
INSERT INTO personas (id_persona, nombre, rut, email, telefono, direccion, rol) VALUES (106, 'Quirino Julián Ramirez', '7.699.180-9', 'rodrigocortina@hotmail.com', '+56 9 41348220', 'Calle de Matilde Varela 77 Puerta 2  La Coruña, 38106', 'estudiante');
INSERT INTO personas (id_persona, nombre, rut, email, telefono, direccion, rol) VALUES (107, 'Purificación Alemán Sobrino', '6.337.505-6', 'rodriguezmonica@gmail.com', '+56 9 65133300', 'Ronda de Nicanor Nieto 32 Piso 8  Las Palmas, 19279', 'estudiante');
INSERT INTO personas (id_persona, nombre, rut, email, telefono, direccion, rol) VALUES (108, 'Máximo del Alvarez', '15.815.317-9', 'msantamaria@gmail.com', '+56 9 15858241', 'Rambla Anastasio Huerta 70 Piso 0  Santa Cruz de Tenerife, 97388', 'estudiante');
INSERT INTO personas (id_persona, nombre, rut, email, telefono, direccion, rol) VALUES (109, 'José Antonio Terrón Buendía', '13.400.952-0', 'manzanofelipe@porta.org', '+56 9 52704903', 'Alameda Fabiola Llorens 66 Valencia, 78655', 'estudiante');
INSERT INTO personas (id_persona, nombre, rut, email, telefono, direccion, rol) VALUES (110, 'Adoración Abascal Caro', '8.064.421-3', 'artemionavas@iglesias.net', '+56 9 73481797', 'Via Melchor Donaire 57 Toledo, 54307', 'estudiante');
INSERT INTO personas (id_persona, nombre, rut, email, telefono, direccion, rol) VALUES (111, 'Consuela Riba Batlle', '24.300.479-9', 'serranoluciana@gmail.com', '+56 9 61167978', 'Glorieta de Ruy Ferrer 3 Puerta 0  Alicante, 89670', 'estudiante');
INSERT INTO personas (id_persona, nombre, rut, email, telefono, direccion, rol) VALUES (112, 'Juan Bautista Paz Téllez', '5.696.101-K', 'barrenafortunato@yahoo.com', '+56 9 61818612', 'Ronda de Luciano Cabezas 46 Puerta 7  Ceuta, 40280', 'estudiante');
INSERT INTO personas (id_persona, nombre, rut, email, telefono, direccion, rol) VALUES (113, 'Óscar Cabañas Sánchez', '14.043.289-9', 'felix61@hotmail.com', '+56 9 99078806', 'Avenida de Anna Cortés 53 Puerta 3  Cuenca, 30137', 'estudiante');
INSERT INTO personas (id_persona, nombre, rut, email, telefono, direccion, rol) VALUES (114, 'Dora Cerdá Agudo', '6.349.950-2', 'pratmarta@manso-jordan.org', '+56 9 97512508', 'Urbanización Mauricio Pedraza 53 Apt. 85  Zamora, 06162', 'estudiante');
INSERT INTO personas (id_persona, nombre, rut, email, telefono, direccion, rol) VALUES (115, 'Carina Iglesias-Santamaria', '20.787.387-8', 'rinconantonio@hotmail.com', '+56 9 30415230', 'Paseo Rico Báez 555 Granada, 05041', 'estudiante');
INSERT INTO personas (id_persona, nombre, rut, email, telefono, direccion, rol) VALUES (116, 'Concepción de Durán', '19.838.756-4', 'maristela17@torralba.es', '+56 9 76481885', 'Via Cándido Azorin 556 Piso 9  Huelva, 00980', 'estudiante');
INSERT INTO personas (id_persona, nombre, rut, email, telefono, direccion, rol) VALUES (117, 'Geraldo Iglesias Parejo', '11.089.765-9', 'severo11@gmail.com', '+56 9 14968688', 'Calle de Salomé Linares 40 Piso 7  Valencia, 70608', 'estudiante');
INSERT INTO personas (id_persona, nombre, rut, email, telefono, direccion, rol) VALUES (118, 'Chita Borrás-Gimenez', '19.625.873-K', 'narciso78@cozar.com', '+56 9 26944487', 'Plaza Brunilda Garzón 41 Puerta 8  La Coruña, 92970', 'estudiante');
INSERT INTO personas (id_persona, nombre, rut, email, telefono, direccion, rol) VALUES (119, 'Baldomero Valenzuela Taboada', '21.499.579-1', 'lilialeon@gmail.com', '+56 9 77416376', 'Paseo Roxana Ferrer 36 Almería, 25128', 'estudiante');
INSERT INTO personas (id_persona, nombre, rut, email, telefono, direccion, rol) VALUES (120, 'Remedios Lucila Pol Serna', '20.770.931-5', 'jalvaro@marti.com', '+56 9 89212676', 'Cañada de Édgar Seguí 5 Puerta 4  Córdoba, 61574', 'estudiante');

-- Inserciones para la tabla estudiantes
INSERT INTO estudiantes (id_estudiante, id_persona, especialidad, año_egreso, estado_laboral) VALUES (1, 41, 'Administración', 2020, 'Trabajando');
INSERT INTO estudiantes (id_estudiante, id_persona, especialidad, año_egreso, estado_laboral) VALUES (2, 42, 'Administración', 2020, 'Cesante');
INSERT INTO estudiantes (id_estudiante, id_persona, especialidad, año_egreso, estado_laboral) VALUES (3, 43, 'Administración', 2023, 'Trabajando');
INSERT INTO estudiantes (id_estudiante, id_persona, especialidad, año_egreso, estado_laboral) VALUES (4, 44, 'Administración', 2022, 'Cesante');
INSERT INTO estudiantes (id_estudiante, id_persona, especialidad, año_egreso, estado_laboral) VALUES (5, 45, 'Administración', 2020, 'Cesante');
INSERT INTO estudiantes (id_estudiante, id_persona, especialidad, año_egreso, estado_laboral) VALUES (6, 46, 'Administración', 2023, 'Trabajando');
INSERT INTO estudiantes (id_estudiante, id_persona, especialidad, año_egreso, estado_laboral) VALUES (7, 47, 'Administración', 2021, 'Trabajando');
INSERT INTO estudiantes (id_estudiante, id_persona, especialidad, año_egreso, estado_laboral) VALUES (8, 48, 'Administración', 2023, 'Cesante');
INSERT INTO estudiantes (id_estudiante, id_persona, especialidad, año_egreso, estado_laboral) VALUES (9, 49, 'Administración', 2020, 'Cesante');
INSERT INTO estudiantes (id_estudiante, id_persona, especialidad, año_egreso, estado_laboral) VALUES (10, 50, 'Administración', 2022, 'Cesante');
INSERT INTO estudiantes (id_estudiante, id_persona, especialidad, año_egreso, estado_laboral) VALUES (11, 51, 'Administración', 2020, 'Trabajando');
INSERT INTO estudiantes (id_estudiante, id_persona, especialidad, año_egreso, estado_laboral) VALUES (12, 52, 'Administración', 2023, 'Trabajando');
INSERT INTO estudiantes (id_estudiante, id_persona, especialidad, año_egreso, estado_laboral) VALUES (13, 53, 'Administración', 2021, 'Trabajando');
INSERT INTO estudiantes (id_estudiante, id_persona, especialidad, año_egreso, estado_laboral) VALUES (14, 54, 'Administración', 2021, 'Trabajando');
INSERT INTO estudiantes (id_estudiante, id_persona, especialidad, año_egreso, estado_laboral) VALUES (15, 55, 'Administración', 2023, 'Trabajando');
INSERT INTO estudiantes (id_estudiante, id_persona, especialidad, año_egreso, estado_laboral) VALUES (16, 56, 'Administración', 2022, 'Trabajando');
INSERT INTO estudiantes (id_estudiante, id_persona, especialidad, año_egreso, estado_laboral) VALUES (17, 57, 'Administración', 2020, 'Cesante');
INSERT INTO estudiantes (id_estudiante, id_persona, especialidad, año_egreso, estado_laboral) VALUES (18, 58, 'Administración', 2021, 'Cesante');
INSERT INTO estudiantes (id_estudiante, id_persona, especialidad, año_egreso, estado_laboral) VALUES (19, 59, 'Administración', 2020, 'Trabajando');
INSERT INTO estudiantes (id_estudiante, id_persona, especialidad, año_egreso, estado_laboral) VALUES (20, 60, 'Administración', 2020, 'Trabajando');
INSERT INTO estudiantes (id_estudiante, id_persona, especialidad, año_egreso, estado_laboral) VALUES (21, 61, 'Atención de Párvulos', 2021, 'Cesante');
INSERT INTO estudiantes (id_estudiante, id_persona, especialidad, año_egreso, estado_laboral) VALUES (22, 62, 'Atención de Párvulos', 2023, 'Cesante');
INSERT INTO estudiantes (id_estudiante, id_persona, especialidad, año_egreso, estado_laboral) VALUES (23, 63, 'Atención de Párvulos', 2021, 'Trabajando');
INSERT INTO estudiantes (id_estudiante, id_persona, especialidad, año_egreso, estado_laboral) VALUES (24, 64, 'Atención de Párvulos', 2020, 'Trabajando');
INSERT INTO estudiantes (id_estudiante, id_persona, especialidad, año_egreso, estado_laboral) VALUES (25, 65, 'Atención de Párvulos', 2023, 'Cesante');
INSERT INTO estudiantes (id_estudiante, id_persona, especialidad, año_egreso, estado_laboral) VALUES (26, 66, 'Atención de Párvulos', 2021, 'Cesante');
INSERT INTO estudiantes (id_estudiante, id_persona, especialidad, año_egreso, estado_laboral) VALUES (27, 67, 'Atención de Párvulos', 2020, 'Cesante');
INSERT INTO estudiantes (id_estudiante, id_persona, especialidad, año_egreso, estado_laboral) VALUES (28, 68, 'Atención de Párvulos', 2020, 'Cesante');
INSERT INTO estudiantes (id_estudiante, id_persona, especialidad, año_egreso, estado_laboral) VALUES (29, 69, 'Atención de Párvulos', 2022, 'Trabajando');
INSERT INTO estudiantes (id_estudiante, id_persona, especialidad, año_egreso, estado_laboral) VALUES (30, 70, 'Atención de Párvulos', 2020, 'Trabajando');
INSERT INTO estudiantes (id_estudiante, id_persona, especialidad, año_egreso, estado_laboral) VALUES (31, 71, 'Atención de Párvulos', 2023, 'Cesante');
INSERT INTO estudiantes (id_estudiante, id_persona, especialidad, año_egreso, estado_laboral) VALUES (32, 72, 'Atención de Párvulos', 2023, 'Trabajando');
INSERT INTO estudiantes (id_estudiante, id_persona, especialidad, año_egreso, estado_laboral) VALUES (33, 73, 'Atención de Párvulos', 2021, 'Cesante');
INSERT INTO estudiantes (id_estudiante, id_persona, especialidad, año_egreso, estado_laboral) VALUES (34, 74, 'Atención de Párvulos', 2020, 'Trabajando');
INSERT INTO estudiantes (id_estudiante, id_persona, especialidad, año_egreso, estado_laboral) VALUES (35, 75, 'Atención de Párvulos', 2020, 'Trabajando');
INSERT INTO estudiantes (id_estudiante, id_persona, especialidad, año_egreso, estado_laboral) VALUES (36, 76, 'Atención de Párvulos', 2020, 'Trabajando');
INSERT INTO estudiantes (id_estudiante, id_persona, especialidad, año_egreso, estado_laboral) VALUES (37, 77, 'Atención de Párvulos', 2021, 'Cesante');
INSERT INTO estudiantes (id_estudiante, id_persona, especialidad, año_egreso, estado_laboral) VALUES (38, 78, 'Atención de Párvulos', 2020, 'Trabajando');
INSERT INTO estudiantes (id_estudiante, id_persona, especialidad, año_egreso, estado_laboral) VALUES (39, 79, 'Atención de Párvulos', 2021, 'Cesante');
INSERT INTO estudiantes (id_estudiante, id_persona, especialidad, año_egreso, estado_laboral) VALUES (40, 80, 'Atención de Párvulos', 2023, 'Trabajando');
INSERT INTO estudiantes (id_estudiante, id_persona, especialidad, año_egreso, estado_laboral) VALUES (41, 81, 'Servicios de Turismo', 2022, 'Trabajando');
INSERT INTO estudiantes (id_estudiante, id_persona, especialidad, año_egreso, estado_laboral) VALUES (42, 82, 'Servicios de Turismo', 2022, 'Trabajando');
INSERT INTO estudiantes (id_estudiante, id_persona, especialidad, año_egreso, estado_laboral) VALUES (43, 83, 'Servicios de Turismo', 2020, 'Trabajando');
INSERT INTO estudiantes (id_estudiante, id_persona, especialidad, año_egreso, estado_laboral) VALUES (44, 84, 'Servicios de Turismo', 2022, 'Trabajando');
INSERT INTO estudiantes (id_estudiante, id_persona, especialidad, año_egreso, estado_laboral) VALUES (45, 85, 'Servicios de Turismo', 2021, 'Trabajando');
INSERT INTO estudiantes (id_estudiante, id_persona, especialidad, año_egreso, estado_laboral) VALUES (46, 86, 'Servicios de Turismo', 2022, 'Trabajando');
INSERT INTO estudiantes (id_estudiante, id_persona, especialidad, año_egreso, estado_laboral) VALUES (47, 87, 'Servicios de Turismo', 2020, 'Trabajando');
INSERT INTO estudiantes (id_estudiante, id_persona, especialidad, año_egreso, estado_laboral) VALUES (48, 88, 'Servicios de Turismo', 2021, 'Trabajando');
INSERT INTO estudiantes (id_estudiante, id_persona, especialidad, año_egreso, estado_laboral) VALUES (49, 89, 'Servicios de Turismo', 2021, 'Cesante');
INSERT INTO estudiantes (id_estudiante, id_persona, especialidad, año_egreso, estado_laboral) VALUES (50, 90, 'Servicios de Turismo', 2023, 'Trabajando');
INSERT INTO estudiantes (id_estudiante, id_persona, especialidad, año_egreso, estado_laboral) VALUES (51, 91, 'Servicios de Turismo', 2023, 'Trabajando');
INSERT INTO estudiantes (id_estudiante, id_persona, especialidad, año_egreso, estado_laboral) VALUES (52, 92, 'Servicios de Turismo', 2020, 'Cesante');
INSERT INTO estudiantes (id_estudiante, id_persona, especialidad, año_egreso, estado_laboral) VALUES (53, 93, 'Servicios de Turismo', 2023, 'Trabajando');
INSERT INTO estudiantes (id_estudiante, id_persona, especialidad, año_egreso, estado_laboral) VALUES (54, 94, 'Servicios de Turismo', 2022, 'Trabajando');
INSERT INTO estudiantes (id_estudiante, id_persona, especialidad, año_egreso, estado_laboral) VALUES (55, 95, 'Servicios de Turismo', 2022, 'Trabajando');
INSERT INTO estudiantes (id_estudiante, id_persona, especialidad, año_egreso, estado_laboral) VALUES (56, 96, 'Servicios de Turismo', 2022, 'Cesante');
INSERT INTO estudiantes (id_estudiante, id_persona, especialidad, año_egreso, estado_laboral) VALUES (57, 97, 'Servicios de Turismo', 2021, 'Cesante');
INSERT INTO estudiantes (id_estudiante, id_persona, especialidad, año_egreso, estado_laboral) VALUES (58, 98, 'Servicios de Turismo', 2023, 'Trabajando');
INSERT INTO estudiantes (id_estudiante, id_persona, especialidad, año_egreso, estado_laboral) VALUES (59, 99, 'Servicios de Turismo', 2021, 'Cesante');
INSERT INTO estudiantes (id_estudiante, id_persona, especialidad, año_egreso, estado_laboral) VALUES (60, 100, 'Servicios de Turismo', 2020, 'Cesante');
INSERT INTO estudiantes (id_estudiante, id_persona, especialidad, año_egreso, estado_laboral) VALUES (61, 101, 'Asistencia en Geología', 2020, 'Trabajando');
INSERT INTO estudiantes (id_estudiante, id_persona, especialidad, año_egreso, estado_laboral) VALUES (62, 102, 'Asistencia en Geología', 2023, 'Trabajando');
INSERT INTO estudiantes (id_estudiante, id_persona, especialidad, año_egreso, estado_laboral) VALUES (63, 103, 'Asistencia en Geología', 2021, 'Trabajando');
INSERT INTO estudiantes (id_estudiante, id_persona, especialidad, año_egreso, estado_laboral) VALUES (64, 104, 'Asistencia en Geología', 2023, 'Trabajando');
INSERT INTO estudiantes (id_estudiante, id_persona, especialidad, año_egreso, estado_laboral) VALUES (65, 105, 'Asistencia en Geología', 2021, 'Cesante');
INSERT INTO estudiantes (id_estudiante, id_persona, especialidad, año_egreso, estado_laboral) VALUES (66, 106, 'Asistencia en Geología', 2021, 'Cesante');
INSERT INTO estudiantes (id_estudiante, id_persona, especialidad, año_egreso, estado_laboral) VALUES (67, 107, 'Asistencia en Geología', 2022, 'Cesante');
INSERT INTO estudiantes (id_estudiante, id_persona, especialidad, año_egreso, estado_laboral) VALUES (68, 108, 'Asistencia en Geología', 2021, 'Trabajando');
INSERT INTO estudiantes (id_estudiante, id_persona, especialidad, año_egreso, estado_laboral) VALUES (69, 109, 'Asistencia en Geología', 2023, 'Trabajando');
INSERT INTO estudiantes (id_estudiante, id_persona, especialidad, año_egreso, estado_laboral) VALUES (70, 110, 'Asistencia en Geología', 2022, 'Trabajando');
INSERT INTO estudiantes (id_estudiante, id_persona, especialidad, año_egreso, estado_laboral) VALUES (71, 111, 'Asistencia en Geología', 2022, 'Trabajando');
INSERT INTO estudiantes (id_estudiante, id_persona, especialidad, año_egreso, estado_laboral) VALUES (72, 112, 'Asistencia en Geología', 2021, 'Cesante');
INSERT INTO estudiantes (id_estudiante, id_persona, especialidad, año_egreso, estado_laboral) VALUES (73, 113, 'Asistencia en Geología', 2021, 'Cesante');
INSERT INTO estudiantes (id_estudiante, id_persona, especialidad, año_egreso, estado_laboral) VALUES (74, 114, 'Asistencia en Geología', 2023, 'Trabajando');
INSERT INTO estudiantes (id_estudiante, id_persona, especialidad, año_egreso, estado_laboral) VALUES (75, 115, 'Asistencia en Geología', 2020, 'Cesante');
INSERT INTO estudiantes (id_estudiante, id_persona, especialidad, año_egreso, estado_laboral) VALUES (76, 116, 'Asistencia en Geología', 2020, 'Trabajando');
INSERT INTO estudiantes (id_estudiante, id_persona, especialidad, año_egreso, estado_laboral) VALUES (77, 117, 'Asistencia en Geología', 2021, 'Trabajando');
INSERT INTO estudiantes (id_estudiante, id_persona, especialidad, año_egreso, estado_laboral) VALUES (78, 118, 'Asistencia en Geología', 2021, 'Cesante');
INSERT INTO estudiantes (id_estudiante, id_persona, especialidad, año_egreso, estado_laboral) VALUES (79, 119, 'Asistencia en Geología', 2020, 'Trabajando');
INSERT INTO estudiantes (id_estudiante, id_persona, especialidad, año_egreso, estado_laboral) VALUES (80, 120, 'Asistencia en Geología', 2021, 'Trabajando');

-- Inserciones para la tabla docentes
INSERT INTO docentes (id_docente, id_persona, hash_password, activo, intentos_fallidos, ultima_sesion) VALUES (1, 1, '+Q7atQ%as9b2', True, 0, NULL);
INSERT INTO docentes (id_docente, id_persona, hash_password, activo, intentos_fallidos, ultima_sesion) VALUES (2, 2, '4m&_MupyK)1)', True, 0, NULL);
INSERT INTO docentes (id_docente, id_persona, hash_password, activo, intentos_fallidos, ultima_sesion) VALUES (3, 3, '^+ZH6$Zq1Y6M', True, 0, NULL);
INSERT INTO docentes (id_docente, id_persona, hash_password, activo, intentos_fallidos, ultima_sesion) VALUES (4, 4, '#d4nRSSlLo9G', True, 0, NULL);
INSERT INTO docentes (id_docente, id_persona, hash_password, activo, intentos_fallidos, ultima_sesion) VALUES (5, 5, '_lL)O_cwa%68', True, 0, NULL);
INSERT INTO docentes (id_docente, id_persona, hash_password, activo, intentos_fallidos, ultima_sesion) VALUES (6, 6, '$*2I3MOa56CT', True, 0, NULL);
INSERT INTO docentes (id_docente, id_persona, hash_password, activo, intentos_fallidos, ultima_sesion) VALUES (7, 7, '*xC4p^9*8gIo', True, 0, NULL);
INSERT INTO docentes (id_docente, id_persona, hash_password, activo, intentos_fallidos, ultima_sesion) VALUES (8, 8, 'W1T%*t!d!8uN', True, 0, NULL);

-- Inserciones para la tabla empresas
INSERT INTO empresas (id_empresa, nombre, contacto, telefono, direccion) VALUES (1, 'Talavera, Morcillo and Ferrán', 'Sebastian del Villalba', 56901122345, 'Avenida de Itziar Manso 12 Apt. 72  Ciudad, 26629');
INSERT INTO empresas (id_empresa, nombre, contacto, telefono, direccion) VALUES (2, 'Villegas-Valle', 'Julie Pavón Álvaro', 56972031210, 'Cañada de Elías Villar 77 Puerta 7  Ciudad, 63701');
INSERT INTO empresas (id_empresa, nombre, contacto, telefono, direccion) VALUES (3, 'Terrón, Coello and Múgica', 'Teodoro Garzón Neira', 56970039432, 'Camino de Yaiza Álamo 22 Segovia, 01228');
INSERT INTO empresas (id_empresa, nombre, contacto, telefono, direccion) VALUES (4, 'Montesinos, Cabrera and Gil', 'Bartolomé Prats Zabala', 56992197876, 'Via Moisés Alarcón 12 Apt. 20  Palencia, 33054');
INSERT INTO empresas (id_empresa, nombre, contacto, telefono, direccion) VALUES (5, 'Iñiguez LLC', 'Federico Fabregat Valverde', 56974673200, 'Glorieta de Tamara Gomila 99 León, 01267');
INSERT INTO empresas (id_empresa, nombre, contacto, telefono, direccion) VALUES (6, 'Pol-Alemán', 'Leocadio Ribes Revilla', 56973976139, 'Pasaje Germán Montesinos 554 Apt. 97  Granada, 09163');
INSERT INTO empresas (id_empresa, nombre, contacto, telefono, direccion) VALUES (7, 'Haro, Parra and Sotelo', 'Diego Riquelme Pellicer', 56994910690, 'Pasaje de Juanito Suárez 599 La Rioja, 42977');
INSERT INTO empresas (id_empresa, nombre, contacto, telefono, direccion) VALUES (8, 'Arrieta-Mena', 'Yaiza Herrera Salcedo', 56971992638, 'Callejón Bernardino Tirado 7 Córdoba, 28880');
INSERT INTO empresas (id_empresa, nombre, contacto, telefono, direccion) VALUES (9, 'Puerta, Miguel and Cárdenas', 'Dan Vendrell', 56996284086, 'Camino Gustavo Duque 622 Guipúzcoa, 33592');
INSERT INTO empresas (id_empresa, nombre, contacto, telefono, direccion) VALUES (10, 'Vélez, Amat and Mas', 'Aitor del Pera', 56973501495, 'Callejón Íñigo Neira 6 Apt. 57  Tarragona, 51609');
INSERT INTO empresas (id_empresa, nombre, contacto, telefono, direccion) VALUES (11, 'Alcalde-Leal', 'Felipa Acosta Bustamante', 56973866219, 'Rambla Cayetana Menendez 62 Puerta 3  Guadalajara, 13944');
INSERT INTO empresas (id_empresa, nombre, contacto, telefono, direccion) VALUES (12, 'Romero-Montero', 'Alfonso Bonet Guerra', 56972917886, 'Ronda de Paula Martí 61 Puerta 9  Teruel, 20211');
INSERT INTO empresas (id_empresa, nombre, contacto, telefono, direccion) VALUES (13, 'Haro Ltd', 'Pepita Bonet Ropero', 56974282227, 'Ronda de Lucía Pi 396 Cuenca, 24790');
INSERT INTO empresas (id_empresa, nombre, contacto, telefono, direccion) VALUES (14, 'Vallés and Sons', 'Máximo Quirino Rubio Bermúdez', 56966243587, 'Alameda de Marco Prat 53 Puerta 1  Vizcaya, 16071');
INSERT INTO empresas (id_empresa, nombre, contacto, telefono, direccion) VALUES (15, 'Rosselló-Aguilera', 'Flavio Leon Raya', 56971552736, 'Cuesta de Jesús Guerra 83 Badajoz, 58932');
INSERT INTO empresas (id_empresa, nombre, contacto, telefono, direccion) VALUES (16, 'Lucena, Carlos and Echeverría', 'Tomasa Bermejo Almansa', 56995292907, 'Camino de Roque Palau 10 Apt. 25  Segovia, 96430');

-- Inserciones para la tabla maestros_guias
INSERT INTO maestros_guias (id_maestro, id_persona, id_empresa, cargo) VALUES (1, 9, 1, 'Supervisor');
INSERT INTO maestros_guias (id_maestro, id_persona, id_empresa, cargo) VALUES (2, 10, 1, 'Supervisor');
INSERT INTO maestros_guias (id_maestro, id_persona, id_empresa, cargo) VALUES (3, 11, 2, 'Supervisor');
INSERT INTO maestros_guias (id_maestro, id_persona, id_empresa, cargo) VALUES (4, 12, 2, 'Supervisor');
INSERT INTO maestros_guias (id_maestro, id_persona, id_empresa, cargo) VALUES (5, 13, 3, 'Supervisor');
INSERT INTO maestros_guias (id_maestro, id_persona, id_empresa, cargo) VALUES (6, 14, 3, 'Supervisor');
INSERT INTO maestros_guias (id_maestro, id_persona, id_empresa, cargo) VALUES (7, 15, 4, 'Supervisor');
INSERT INTO maestros_guias (id_maestro, id_persona, id_empresa, cargo) VALUES (8, 16, 4, 'Supervisor');
INSERT INTO maestros_guias (id_maestro, id_persona, id_empresa, cargo) VALUES (9, 17, 5, 'Supervisor');
INSERT INTO maestros_guias (id_maestro, id_persona, id_empresa, cargo) VALUES (10, 18, 5, 'Supervisor');
INSERT INTO maestros_guias (id_maestro, id_persona, id_empresa, cargo) VALUES (11, 19, 6, 'Supervisor');
INSERT INTO maestros_guias (id_maestro, id_persona, id_empresa, cargo) VALUES (12, 20, 6, 'Supervisor');
INSERT INTO maestros_guias (id_maestro, id_persona, id_empresa, cargo) VALUES (13, 21, 7, 'Supervisor');
INSERT INTO maestros_guias (id_maestro, id_persona, id_empresa, cargo) VALUES (14, 22, 7, 'Supervisor');
INSERT INTO maestros_guias (id_maestro, id_persona, id_empresa, cargo) VALUES (15, 23, 8, 'Supervisor');
INSERT INTO maestros_guias (id_maestro, id_persona, id_empresa, cargo) VALUES (16, 24, 8, 'Supervisor');
INSERT INTO maestros_guias (id_maestro, id_persona, id_empresa, cargo) VALUES (17, 25, 9, 'Supervisor');
INSERT INTO maestros_guias (id_maestro, id_persona, id_empresa, cargo) VALUES (18, 26, 9, 'Supervisor');
INSERT INTO maestros_guias (id_maestro, id_persona, id_empresa, cargo) VALUES (19, 27, 10, 'Supervisor');
INSERT INTO maestros_guias (id_maestro, id_persona, id_empresa, cargo) VALUES (20, 28, 10, 'Supervisor');
INSERT INTO maestros_guias (id_maestro, id_persona, id_empresa, cargo) VALUES (21, 29, 11, 'Supervisor');
INSERT INTO maestros_guias (id_maestro, id_persona, id_empresa, cargo) VALUES (22, 30, 11, 'Supervisor');
INSERT INTO maestros_guias (id_maestro, id_persona, id_empresa, cargo) VALUES (23, 31, 12, 'Supervisor');
INSERT INTO maestros_guias (id_maestro, id_persona, id_empresa, cargo) VALUES (24, 32, 12, 'Supervisor');
INSERT INTO maestros_guias (id_maestro, id_persona, id_empresa, cargo) VALUES (25, 33, 13, 'Supervisor');
INSERT INTO maestros_guias (id_maestro, id_persona, id_empresa, cargo) VALUES (26, 34, 13, 'Supervisor');
INSERT INTO maestros_guias (id_maestro, id_persona, id_empresa, cargo) VALUES (27, 35, 14, 'Supervisor');
INSERT INTO maestros_guias (id_maestro, id_persona, id_empresa, cargo) VALUES (28, 36, 14, 'Supervisor');
INSERT INTO maestros_guias (id_maestro, id_persona, id_empresa, cargo) VALUES (29, 37, 15, 'Supervisor');
INSERT INTO maestros_guias (id_maestro, id_persona, id_empresa, cargo) VALUES (30, 38, 15, 'Supervisor');
INSERT INTO maestros_guias (id_maestro, id_persona, id_empresa, cargo) VALUES (31, 39, 16, 'Supervisor');
INSERT INTO maestros_guias (id_maestro, id_persona, id_empresa, cargo) VALUES (32, 40, 16, 'Supervisor');

-- Inserciones para la tabla titulacion
INSERT INTO titulacion (id_titulacion, id_estudiante, estado, fecha_titulo, observaciones) VALUES (1, 1, 'Titulado', '2022-06-24', NULL);
INSERT INTO titulacion (id_titulacion, id_estudiante, estado, fecha_titulo, observaciones) VALUES (2, 2, 'No iniciada', NULL, NULL);
INSERT INTO titulacion (id_titulacion, id_estudiante, estado, fecha_titulo, observaciones) VALUES (3, 3, 'En proceso', NULL, NULL);
INSERT INTO titulacion (id_titulacion, id_estudiante, estado, fecha_titulo, observaciones) VALUES (4, 4, 'No iniciada', NULL, NULL);
INSERT INTO titulacion (id_titulacion, id_estudiante, estado, fecha_titulo, observaciones) VALUES (5, 5, 'En proceso', NULL, NULL);
INSERT INTO titulacion (id_titulacion, id_estudiante, estado, fecha_titulo, observaciones) VALUES (6, 6, 'No iniciada', NULL, NULL);
INSERT INTO titulacion (id_titulacion, id_estudiante, estado, fecha_titulo, observaciones) VALUES (7, 7, 'Titulado', '2023-08-02', NULL);
INSERT INTO titulacion (id_titulacion, id_estudiante, estado, fecha_titulo, observaciones) VALUES (8, 8, 'Titulado', '2022-09-15', NULL);
INSERT INTO titulacion (id_titulacion, id_estudiante, estado, fecha_titulo, observaciones) VALUES (9, 9, 'Titulado', '2023-10-12', NULL);
INSERT INTO titulacion (id_titulacion, id_estudiante, estado, fecha_titulo, observaciones) VALUES (10, 10, 'Titulado', '2023-09-30', NULL);
INSERT INTO titulacion (id_titulacion, id_estudiante, estado, fecha_titulo, observaciones) VALUES (11, 11, 'Titulado', '2024-08-12', NULL);
INSERT INTO titulacion (id_titulacion, id_estudiante, estado, fecha_titulo, observaciones) VALUES (12, 12, 'En proceso', NULL, NULL);
INSERT INTO titulacion (id_titulacion, id_estudiante, estado, fecha_titulo, observaciones) VALUES (13, 13, 'Titulado', '2025-01-03', NULL);
INSERT INTO titulacion (id_titulacion, id_estudiante, estado, fecha_titulo, observaciones) VALUES (14, 14, 'En proceso', NULL, NULL);
INSERT INTO titulacion (id_titulacion, id_estudiante, estado, fecha_titulo, observaciones) VALUES (15, 15, 'En proceso', NULL, NULL);
INSERT INTO titulacion (id_titulacion, id_estudiante, estado, fecha_titulo, observaciones) VALUES (16, 16, 'Titulado', '2024-01-29', NULL);
INSERT INTO titulacion (id_titulacion, id_estudiante, estado, fecha_titulo, observaciones) VALUES (17, 17, 'Titulado', '2022-08-18', NULL);
INSERT INTO titulacion (id_titulacion, id_estudiante, estado, fecha_titulo, observaciones) VALUES (18, 18, 'No iniciada', NULL, NULL);
INSERT INTO titulacion (id_titulacion, id_estudiante, estado, fecha_titulo, observaciones) VALUES (19, 19, 'Titulado', '2023-10-01', NULL);
INSERT INTO titulacion (id_titulacion, id_estudiante, estado, fecha_titulo, observaciones) VALUES (20, 20, 'No iniciada', NULL, NULL);
INSERT INTO titulacion (id_titulacion, id_estudiante, estado, fecha_titulo, observaciones) VALUES (21, 21, 'No iniciada', NULL, NULL);
INSERT INTO titulacion (id_titulacion, id_estudiante, estado, fecha_titulo, observaciones) VALUES (22, 22, 'Titulado', '2024-12-27', NULL);
INSERT INTO titulacion (id_titulacion, id_estudiante, estado, fecha_titulo, observaciones) VALUES (23, 23, 'No iniciada', NULL, NULL);
INSERT INTO titulacion (id_titulacion, id_estudiante, estado, fecha_titulo, observaciones) VALUES (24, 24, 'No iniciada', NULL, NULL);
INSERT INTO titulacion (id_titulacion, id_estudiante, estado, fecha_titulo, observaciones) VALUES (25, 25, 'No iniciada', NULL, NULL);
INSERT INTO titulacion (id_titulacion, id_estudiante, estado, fecha_titulo, observaciones) VALUES (26, 26, 'No iniciada', NULL, NULL);
INSERT INTO titulacion (id_titulacion, id_estudiante, estado, fecha_titulo, observaciones) VALUES (27, 27, 'Titulado', '2022-06-28', NULL);
INSERT INTO titulacion (id_titulacion, id_estudiante, estado, fecha_titulo, observaciones) VALUES (28, 28, 'No iniciada', NULL, NULL);
INSERT INTO titulacion (id_titulacion, id_estudiante, estado, fecha_titulo, observaciones) VALUES (29, 29, 'En proceso', NULL, NULL);
INSERT INTO titulacion (id_titulacion, id_estudiante, estado, fecha_titulo, observaciones) VALUES (30, 30, 'Titulado', '2023-03-27', NULL);
INSERT INTO titulacion (id_titulacion, id_estudiante, estado, fecha_titulo, observaciones) VALUES (31, 31, 'No iniciada', NULL, NULL);
INSERT INTO titulacion (id_titulacion, id_estudiante, estado, fecha_titulo, observaciones) VALUES (32, 32, 'No iniciada', NULL, NULL);
INSERT INTO titulacion (id_titulacion, id_estudiante, estado, fecha_titulo, observaciones) VALUES (33, 33, 'No iniciada', NULL, NULL);
INSERT INTO titulacion (id_titulacion, id_estudiante, estado, fecha_titulo, observaciones) VALUES (34, 34, 'En proceso', NULL, NULL);
INSERT INTO titulacion (id_titulacion, id_estudiante, estado, fecha_titulo, observaciones) VALUES (35, 35, 'En proceso', NULL, NULL);
INSERT INTO titulacion (id_titulacion, id_estudiante, estado, fecha_titulo, observaciones) VALUES (36, 36, 'Titulado', '2022-07-05', NULL);
INSERT INTO titulacion (id_titulacion, id_estudiante, estado, fecha_titulo, observaciones) VALUES (37, 37, 'No iniciada', NULL, NULL);
INSERT INTO titulacion (id_titulacion, id_estudiante, estado, fecha_titulo, observaciones) VALUES (38, 38, 'En proceso', NULL, NULL);
INSERT INTO titulacion (id_titulacion, id_estudiante, estado, fecha_titulo, observaciones) VALUES (39, 39, 'Titulado', '2024-06-24', NULL);
INSERT INTO titulacion (id_titulacion, id_estudiante, estado, fecha_titulo, observaciones) VALUES (40, 40, 'Titulado', '2025-04-16', NULL);
INSERT INTO titulacion (id_titulacion, id_estudiante, estado, fecha_titulo, observaciones) VALUES (41, 41, 'No iniciada', NULL, NULL);
INSERT INTO titulacion (id_titulacion, id_estudiante, estado, fecha_titulo, observaciones) VALUES (42, 42, 'No iniciada', NULL, NULL);
INSERT INTO titulacion (id_titulacion, id_estudiante, estado, fecha_titulo, observaciones) VALUES (43, 43, 'Titulado', '2022-11-17', NULL);
INSERT INTO titulacion (id_titulacion, id_estudiante, estado, fecha_titulo, observaciones) VALUES (44, 44, 'No iniciada', NULL, NULL);
INSERT INTO titulacion (id_titulacion, id_estudiante, estado, fecha_titulo, observaciones) VALUES (45, 45, 'En proceso', NULL, NULL);
INSERT INTO titulacion (id_titulacion, id_estudiante, estado, fecha_titulo, observaciones) VALUES (46, 46, 'En proceso', NULL, NULL);
INSERT INTO titulacion (id_titulacion, id_estudiante, estado, fecha_titulo, observaciones) VALUES (47, 47, 'En proceso', NULL, NULL);
INSERT INTO titulacion (id_titulacion, id_estudiante, estado, fecha_titulo, observaciones) VALUES (48, 48, 'Titulado', '2023-08-26', NULL);
INSERT INTO titulacion (id_titulacion, id_estudiante, estado, fecha_titulo, observaciones) VALUES (49, 49, 'Titulado', '2023-11-14', NULL);
INSERT INTO titulacion (id_titulacion, id_estudiante, estado, fecha_titulo, observaciones) VALUES (50, 50, 'En proceso', NULL, NULL);
INSERT INTO titulacion (id_titulacion, id_estudiante, estado, fecha_titulo, observaciones) VALUES (51, 51, 'En proceso', NULL, NULL);
INSERT INTO titulacion (id_titulacion, id_estudiante, estado, fecha_titulo, observaciones) VALUES (52, 52, 'No iniciada', NULL, NULL);
INSERT INTO titulacion (id_titulacion, id_estudiante, estado, fecha_titulo, observaciones) VALUES (53, 53, 'En proceso', NULL, NULL);
INSERT INTO titulacion (id_titulacion, id_estudiante, estado, fecha_titulo, observaciones) VALUES (54, 54, 'No iniciada', NULL, NULL);
INSERT INTO titulacion (id_titulacion, id_estudiante, estado, fecha_titulo, observaciones) VALUES (55, 55, 'Titulado', '2022-11-02', NULL);
INSERT INTO titulacion (id_titulacion, id_estudiante, estado, fecha_titulo, observaciones) VALUES (56, 56, 'En proceso', NULL, NULL);
INSERT INTO titulacion (id_titulacion, id_estudiante, estado, fecha_titulo, observaciones) VALUES (57, 57, 'Titulado', '2022-11-14', NULL);
INSERT INTO titulacion (id_titulacion, id_estudiante, estado, fecha_titulo, observaciones) VALUES (58, 58, 'Titulado', '2023-08-07', NULL);
INSERT INTO titulacion (id_titulacion, id_estudiante, estado, fecha_titulo, observaciones) VALUES (59, 59, 'En proceso', NULL, NULL);
INSERT INTO titulacion (id_titulacion, id_estudiante, estado, fecha_titulo, observaciones) VALUES (60, 60, 'Titulado', '2024-11-30', NULL);
INSERT INTO titulacion (id_titulacion, id_estudiante, estado, fecha_titulo, observaciones) VALUES (61, 61, 'No iniciada', NULL, NULL);
INSERT INTO titulacion (id_titulacion, id_estudiante, estado, fecha_titulo, observaciones) VALUES (62, 62, 'En proceso', NULL, NULL);
INSERT INTO titulacion (id_titulacion, id_estudiante, estado, fecha_titulo, observaciones) VALUES (63, 63, 'Titulado', '2023-07-19', NULL);
INSERT INTO titulacion (id_titulacion, id_estudiante, estado, fecha_titulo, observaciones) VALUES (64, 64, 'No iniciada', NULL, NULL);
INSERT INTO titulacion (id_titulacion, id_estudiante, estado, fecha_titulo, observaciones) VALUES (65, 65, 'Titulado', '2024-10-02', NULL);
INSERT INTO titulacion (id_titulacion, id_estudiante, estado, fecha_titulo, observaciones) VALUES (66, 66, 'No iniciada', NULL, NULL);
INSERT INTO titulacion (id_titulacion, id_estudiante, estado, fecha_titulo, observaciones) VALUES (67, 67, 'Titulado', '2023-09-27', NULL);
INSERT INTO titulacion (id_titulacion, id_estudiante, estado, fecha_titulo, observaciones) VALUES (68, 68, 'No iniciada', NULL, NULL);
INSERT INTO titulacion (id_titulacion, id_estudiante, estado, fecha_titulo, observaciones) VALUES (69, 69, 'En proceso', NULL, NULL);
INSERT INTO titulacion (id_titulacion, id_estudiante, estado, fecha_titulo, observaciones) VALUES (70, 70, 'No iniciada', NULL, NULL);
INSERT INTO titulacion (id_titulacion, id_estudiante, estado, fecha_titulo, observaciones) VALUES (71, 71, 'En proceso', NULL, NULL);
INSERT INTO titulacion (id_titulacion, id_estudiante, estado, fecha_titulo, observaciones) VALUES (72, 72, 'Titulado', '2024-06-15', NULL);
INSERT INTO titulacion (id_titulacion, id_estudiante, estado, fecha_titulo, observaciones) VALUES (73, 73, 'Titulado', '2023-09-24', NULL);
INSERT INTO titulacion (id_titulacion, id_estudiante, estado, fecha_titulo, observaciones) VALUES (74, 74, 'En proceso', NULL, NULL);
INSERT INTO titulacion (id_titulacion, id_estudiante, estado, fecha_titulo, observaciones) VALUES (75, 75, 'En proceso', NULL, NULL);
INSERT INTO titulacion (id_titulacion, id_estudiante, estado, fecha_titulo, observaciones) VALUES (76, 76, 'Titulado', '2024-07-25', NULL);
INSERT INTO titulacion (id_titulacion, id_estudiante, estado, fecha_titulo, observaciones) VALUES (77, 77, 'En proceso', NULL, NULL);
INSERT INTO titulacion (id_titulacion, id_estudiante, estado, fecha_titulo, observaciones) VALUES (78, 78, 'Titulado', '2024-12-30', NULL);
INSERT INTO titulacion (id_titulacion, id_estudiante, estado, fecha_titulo, observaciones) VALUES (79, 79, 'Titulado', '2024-03-10', NULL);
INSERT INTO titulacion (id_titulacion, id_estudiante, estado, fecha_titulo, observaciones) VALUES (80, 80, 'No iniciada', NULL, NULL);

-- Inserciones para la tabla practicas
INSERT INTO practicas (id_practica, id_estudiante, id_docente, id_maestro, id_empresa, id_titulacion, fecha_inicio, fecha_fin, estado, observaciones) VALUES (1, 1, 3, 7, 3, 1, '2023-11-11', '2024-07-04', 'Finalizada', NULL);
INSERT INTO practicas (id_practica, id_estudiante, id_docente, id_maestro, id_empresa, id_titulacion, fecha_inicio, fecha_fin, estado, observaciones) VALUES (2, 2, 1, 13, 14, 2, '2024-03-22', '2025-04-19', 'Finalizada', NULL);
INSERT INTO practicas (id_practica, id_estudiante, id_docente, id_maestro, id_empresa, id_titulacion, fecha_inicio, fecha_fin, estado, observaciones) VALUES (3, 3, 1, 11, 14, 3, '2022-07-02', '2025-01-13', 'Finalizada', NULL);
INSERT INTO practicas (id_practica, id_estudiante, id_docente, id_maestro, id_empresa, id_titulacion, fecha_inicio, fecha_fin, estado, observaciones) VALUES (4, 4, 6, 7, 3, 4, '2022-07-26', '2024-12-17', 'Finalizada', NULL);
INSERT INTO practicas (id_practica, id_estudiante, id_docente, id_maestro, id_empresa, id_titulacion, fecha_inicio, fecha_fin, estado, observaciones) VALUES (5, 5, 5, 3, 15, 5, '2023-02-11', '2025-05-21', 'Finalizada', NULL);
INSERT INTO practicas (id_practica, id_estudiante, id_docente, id_maestro, id_empresa, id_titulacion, fecha_inicio, fecha_fin, estado, observaciones) VALUES (6, 6, 6, 13, 3, 6, '2023-03-04', '2025-04-21', 'Finalizada', NULL);
INSERT INTO practicas (id_practica, id_estudiante, id_docente, id_maestro, id_empresa, id_titulacion, fecha_inicio, fecha_fin, estado, observaciones) VALUES (7, 7, 4, 7, 13, 7, '2023-08-10', '2024-06-27', 'Finalizada', NULL);
INSERT INTO practicas (id_practica, id_estudiante, id_docente, id_maestro, id_empresa, id_titulacion, fecha_inicio, fecha_fin, estado, observaciones) VALUES (8, 8, 6, 23, 7, 8, '2022-08-12', '2024-07-01', 'Finalizada', NULL);
INSERT INTO practicas (id_practica, id_estudiante, id_docente, id_maestro, id_empresa, id_titulacion, fecha_inicio, fecha_fin, estado, observaciones) VALUES (9, 9, 4, 11, 15, 9, '2024-03-25', '2024-08-15', 'En curso', NULL);
INSERT INTO practicas (id_practica, id_estudiante, id_docente, id_maestro, id_empresa, id_titulacion, fecha_inicio, fecha_fin, estado, observaciones) VALUES (10, 10, 4, 21, 2, 10, '2023-04-09', '2024-06-16', 'Finalizada', NULL);
INSERT INTO practicas (id_practica, id_estudiante, id_docente, id_maestro, id_empresa, id_titulacion, fecha_inicio, fecha_fin, estado, observaciones) VALUES (11, 11, 2, 14, 11, 11, '2022-07-15', '2025-01-09', 'Finalizada', NULL);
INSERT INTO practicas (id_practica, id_estudiante, id_docente, id_maestro, id_empresa, id_titulacion, fecha_inicio, fecha_fin, estado, observaciones) VALUES (12, 12, 8, 10, 9, 12, '2024-01-17', '2025-05-26', 'Finalizada', NULL);
INSERT INTO practicas (id_practica, id_estudiante, id_docente, id_maestro, id_empresa, id_titulacion, fecha_inicio, fecha_fin, estado, observaciones) VALUES (13, 13, 7, 26, 12, 13, '2023-11-30', '2025-03-08', 'Finalizada', NULL);
INSERT INTO practicas (id_practica, id_estudiante, id_docente, id_maestro, id_empresa, id_titulacion, fecha_inicio, fecha_fin, estado, observaciones) VALUES (14, 14, 1, 8, 5, 14, '2022-09-02', '2024-07-04', 'En curso', NULL);
INSERT INTO practicas (id_practica, id_estudiante, id_docente, id_maestro, id_empresa, id_titulacion, fecha_inicio, fecha_fin, estado, observaciones) VALUES (15, 15, 8, 17, 1, 15, '2023-02-02', '2025-06-10', 'Finalizada', NULL);
INSERT INTO practicas (id_practica, id_estudiante, id_docente, id_maestro, id_empresa, id_titulacion, fecha_inicio, fecha_fin, estado, observaciones) VALUES (16, 16, 5, 28, 6, 16, '2023-01-22', '2025-06-02', 'Finalizada', NULL);
INSERT INTO practicas (id_practica, id_estudiante, id_docente, id_maestro, id_empresa, id_titulacion, fecha_inicio, fecha_fin, estado, observaciones) VALUES (17, 17, 5, 12, 4, 17, '2022-12-24', '2025-01-28', 'Finalizada', NULL);
INSERT INTO practicas (id_practica, id_estudiante, id_docente, id_maestro, id_empresa, id_titulacion, fecha_inicio, fecha_fin, estado, observaciones) VALUES (18, 18, 1, 21, 16, 18, '2024-05-13', '2025-01-16', 'Finalizada', NULL);
INSERT INTO practicas (id_practica, id_estudiante, id_docente, id_maestro, id_empresa, id_titulacion, fecha_inicio, fecha_fin, estado, observaciones) VALUES (19, 19, 5, 16, 2, 19, '2023-04-27', '2024-11-03', 'Finalizada', NULL);
INSERT INTO practicas (id_practica, id_estudiante, id_docente, id_maestro, id_empresa, id_titulacion, fecha_inicio, fecha_fin, estado, observaciones) VALUES (20, 20, 2, 9, 5, 20, '2023-12-04', '2024-07-01', 'Finalizada', NULL);
INSERT INTO practicas (id_practica, id_estudiante, id_docente, id_maestro, id_empresa, id_titulacion, fecha_inicio, fecha_fin, estado, observaciones) VALUES (21, 21, 7, 14, 7, 21, '2024-06-07', '2024-12-11', 'Finalizada', NULL);
INSERT INTO practicas (id_practica, id_estudiante, id_docente, id_maestro, id_empresa, id_titulacion, fecha_inicio, fecha_fin, estado, observaciones) VALUES (22, 22, 8, 29, 4, 22, '2023-04-09', '2025-05-23', 'Finalizada', NULL);
INSERT INTO practicas (id_practica, id_estudiante, id_docente, id_maestro, id_empresa, id_titulacion, fecha_inicio, fecha_fin, estado, observaciones) VALUES (23, 23, 4, 15, 1, 23, '2022-12-05', '2025-01-01', 'En curso', NULL);
INSERT INTO practicas (id_practica, id_estudiante, id_docente, id_maestro, id_empresa, id_titulacion, fecha_inicio, fecha_fin, estado, observaciones) VALUES (24, 24, 6, 5, 8, 24, '2023-12-24', '2025-05-20', 'Finalizada', NULL);
INSERT INTO practicas (id_practica, id_estudiante, id_docente, id_maestro, id_empresa, id_titulacion, fecha_inicio, fecha_fin, estado, observaciones) VALUES (25, 25, 8, 16, 16, 25, '2024-03-01', '2025-04-26', 'En curso', NULL);
INSERT INTO practicas (id_practica, id_estudiante, id_docente, id_maestro, id_empresa, id_titulacion, fecha_inicio, fecha_fin, estado, observaciones) VALUES (26, 26, 6, 28, 14, 26, '2023-02-17', '2025-03-16', 'Finalizada', NULL);
INSERT INTO practicas (id_practica, id_estudiante, id_docente, id_maestro, id_empresa, id_titulacion, fecha_inicio, fecha_fin, estado, observaciones) VALUES (27, 27, 2, 4, 13, 27, '2023-11-15', '2024-08-19', 'Finalizada', NULL);
INSERT INTO practicas (id_practica, id_estudiante, id_docente, id_maestro, id_empresa, id_titulacion, fecha_inicio, fecha_fin, estado, observaciones) VALUES (28, 28, 8, 9, 14, 28, '2024-04-24', '2025-04-06', 'En curso', NULL);
INSERT INTO practicas (id_practica, id_estudiante, id_docente, id_maestro, id_empresa, id_titulacion, fecha_inicio, fecha_fin, estado, observaciones) VALUES (29, 29, 2, 29, 4, 29, '2023-05-05', '2025-03-10', 'Finalizada', NULL);
INSERT INTO practicas (id_practica, id_estudiante, id_docente, id_maestro, id_empresa, id_titulacion, fecha_inicio, fecha_fin, estado, observaciones) VALUES (30, 30, 4, 11, 14, 30, '2023-12-06', '2024-07-17', 'Finalizada', NULL);
INSERT INTO practicas (id_practica, id_estudiante, id_docente, id_maestro, id_empresa, id_titulacion, fecha_inicio, fecha_fin, estado, observaciones) VALUES (31, 31, 1, 11, 13, 31, '2023-10-03', '2025-01-30', 'Finalizada', NULL);
INSERT INTO practicas (id_practica, id_estudiante, id_docente, id_maestro, id_empresa, id_titulacion, fecha_inicio, fecha_fin, estado, observaciones) VALUES (32, 32, 8, 19, 14, 32, '2023-10-23', '2025-02-06', 'Finalizada', NULL);
INSERT INTO practicas (id_practica, id_estudiante, id_docente, id_maestro, id_empresa, id_titulacion, fecha_inicio, fecha_fin, estado, observaciones) VALUES (33, 33, 1, 4, 11, 33, '2023-05-16', '2024-11-11', 'Finalizada', NULL);
INSERT INTO practicas (id_practica, id_estudiante, id_docente, id_maestro, id_empresa, id_titulacion, fecha_inicio, fecha_fin, estado, observaciones) VALUES (34, 34, 3, 4, 3, 34, '2023-10-21', '2024-06-12', 'Finalizada', NULL);
INSERT INTO practicas (id_practica, id_estudiante, id_docente, id_maestro, id_empresa, id_titulacion, fecha_inicio, fecha_fin, estado, observaciones) VALUES (35, 35, 4, 26, 4, 35, '2022-09-12', '2025-02-27', 'Finalizada', NULL);
INSERT INTO practicas (id_practica, id_estudiante, id_docente, id_maestro, id_empresa, id_titulacion, fecha_inicio, fecha_fin, estado, observaciones) VALUES (36, 36, 6, 17, 7, 36, '2022-10-01', '2024-08-18', 'Finalizada', NULL);
INSERT INTO practicas (id_practica, id_estudiante, id_docente, id_maestro, id_empresa, id_titulacion, fecha_inicio, fecha_fin, estado, observaciones) VALUES (37, 37, 5, 30, 11, 37, '2022-11-14', '2025-02-20', 'En curso', NULL);
INSERT INTO practicas (id_practica, id_estudiante, id_docente, id_maestro, id_empresa, id_titulacion, fecha_inicio, fecha_fin, estado, observaciones) VALUES (38, 38, 2, 5, 7, 38, '2023-08-07', '2024-06-29', 'Finalizada', NULL);
INSERT INTO practicas (id_practica, id_estudiante, id_docente, id_maestro, id_empresa, id_titulacion, fecha_inicio, fecha_fin, estado, observaciones) VALUES (39, 39, 4, 24, 10, 39, '2024-05-10', '2025-02-05', 'Finalizada', NULL);
INSERT INTO practicas (id_practica, id_estudiante, id_docente, id_maestro, id_empresa, id_titulacion, fecha_inicio, fecha_fin, estado, observaciones) VALUES (40, 40, 1, 20, 4, 40, '2023-10-01', '2024-10-04', 'Finalizada', NULL);
INSERT INTO practicas (id_practica, id_estudiante, id_docente, id_maestro, id_empresa, id_titulacion, fecha_inicio, fecha_fin, estado, observaciones) VALUES (41, 41, 3, 18, 10, 41, '2022-08-14', '2024-12-27', 'En curso', NULL);
INSERT INTO practicas (id_practica, id_estudiante, id_docente, id_maestro, id_empresa, id_titulacion, fecha_inicio, fecha_fin, estado, observaciones) VALUES (42, 42, 5, 32, 9, 42, '2023-10-19', '2025-05-02', 'Finalizada', NULL);
INSERT INTO practicas (id_practica, id_estudiante, id_docente, id_maestro, id_empresa, id_titulacion, fecha_inicio, fecha_fin, estado, observaciones) VALUES (43, 43, 1, 1, 11, 43, '2024-03-23', '2024-11-09', 'Finalizada', NULL);
INSERT INTO practicas (id_practica, id_estudiante, id_docente, id_maestro, id_empresa, id_titulacion, fecha_inicio, fecha_fin, estado, observaciones) VALUES (44, 44, 7, 1, 4, 44, '2023-01-05', '2025-05-16', 'Finalizada', NULL);
INSERT INTO practicas (id_practica, id_estudiante, id_docente, id_maestro, id_empresa, id_titulacion, fecha_inicio, fecha_fin, estado, observaciones) VALUES (45, 45, 3, 28, 5, 45, '2022-07-21', '2025-01-17', 'Finalizada', NULL);
INSERT INTO practicas (id_practica, id_estudiante, id_docente, id_maestro, id_empresa, id_titulacion, fecha_inicio, fecha_fin, estado, observaciones) VALUES (46, 46, 1, 23, 7, 46, '2023-08-13', '2025-01-30', 'Finalizada', NULL);
INSERT INTO practicas (id_practica, id_estudiante, id_docente, id_maestro, id_empresa, id_titulacion, fecha_inicio, fecha_fin, estado, observaciones) VALUES (47, 47, 7, 10, 8, 47, '2023-04-27', '2024-08-22', 'Finalizada', NULL);
INSERT INTO practicas (id_practica, id_estudiante, id_docente, id_maestro, id_empresa, id_titulacion, fecha_inicio, fecha_fin, estado, observaciones) VALUES (48, 48, 6, 27, 8, 48, '2023-09-08', '2024-07-19', 'En curso', NULL);
INSERT INTO practicas (id_practica, id_estudiante, id_docente, id_maestro, id_empresa, id_titulacion, fecha_inicio, fecha_fin, estado, observaciones) VALUES (49, 49, 1, 31, 8, 49, '2024-04-14', '2024-07-19', 'En curso', NULL);
INSERT INTO practicas (id_practica, id_estudiante, id_docente, id_maestro, id_empresa, id_titulacion, fecha_inicio, fecha_fin, estado, observaciones) VALUES (50, 50, 4, 15, 1, 50, '2022-07-09', '2025-05-13', 'Finalizada', NULL);
INSERT INTO practicas (id_practica, id_estudiante, id_docente, id_maestro, id_empresa, id_titulacion, fecha_inicio, fecha_fin, estado, observaciones) VALUES (51, 51, 5, 23, 13, 51, '2023-05-21', '2025-02-18', 'Finalizada', NULL);
INSERT INTO practicas (id_practica, id_estudiante, id_docente, id_maestro, id_empresa, id_titulacion, fecha_inicio, fecha_fin, estado, observaciones) VALUES (52, 52, 3, 17, 2, 52, '2024-05-14', '2024-09-23', 'Finalizada', NULL);
INSERT INTO practicas (id_practica, id_estudiante, id_docente, id_maestro, id_empresa, id_titulacion, fecha_inicio, fecha_fin, estado, observaciones) VALUES (53, 53, 7, 8, 13, 53, '2023-09-29', '2024-07-03', 'Finalizada', NULL);
INSERT INTO practicas (id_practica, id_estudiante, id_docente, id_maestro, id_empresa, id_titulacion, fecha_inicio, fecha_fin, estado, observaciones) VALUES (54, 54, 4, 24, 14, 54, '2024-05-08', '2024-07-18', 'Finalizada', NULL);
INSERT INTO practicas (id_practica, id_estudiante, id_docente, id_maestro, id_empresa, id_titulacion, fecha_inicio, fecha_fin, estado, observaciones) VALUES (55, 55, 2, 20, 10, 55, '2023-10-18', '2025-02-19', 'Finalizada', NULL);
INSERT INTO practicas (id_practica, id_estudiante, id_docente, id_maestro, id_empresa, id_titulacion, fecha_inicio, fecha_fin, estado, observaciones) VALUES (56, 56, 3, 13, 14, 56, '2022-11-01', '2024-11-17', 'Finalizada', NULL);
INSERT INTO practicas (id_practica, id_estudiante, id_docente, id_maestro, id_empresa, id_titulacion, fecha_inicio, fecha_fin, estado, observaciones) VALUES (57, 57, 1, 20, 10, 57, '2023-07-27', '2024-10-12', 'Finalizada', NULL);
INSERT INTO practicas (id_practica, id_estudiante, id_docente, id_maestro, id_empresa, id_titulacion, fecha_inicio, fecha_fin, estado, observaciones) VALUES (58, 58, 6, 30, 15, 58, '2024-01-31', '2025-02-16', 'Finalizada', NULL);
INSERT INTO practicas (id_practica, id_estudiante, id_docente, id_maestro, id_empresa, id_titulacion, fecha_inicio, fecha_fin, estado, observaciones) VALUES (59, 59, 3, 6, 10, 59, '2022-09-04', '2024-08-17', 'Finalizada', NULL);
INSERT INTO practicas (id_practica, id_estudiante, id_docente, id_maestro, id_empresa, id_titulacion, fecha_inicio, fecha_fin, estado, observaciones) VALUES (60, 60, 5, 15, 7, 60, '2024-05-23', '2025-03-03', 'Finalizada', NULL);
INSERT INTO practicas (id_practica, id_estudiante, id_docente, id_maestro, id_empresa, id_titulacion, fecha_inicio, fecha_fin, estado, observaciones) VALUES (61, 61, 2, 30, 14, 61, '2023-11-07', '2024-11-19', 'Finalizada', NULL);
INSERT INTO practicas (id_practica, id_estudiante, id_docente, id_maestro, id_empresa, id_titulacion, fecha_inicio, fecha_fin, estado, observaciones) VALUES (62, 62, 1, 7, 14, 62, '2023-07-22', '2025-05-31', 'Finalizada', NULL);
INSERT INTO practicas (id_practica, id_estudiante, id_docente, id_maestro, id_empresa, id_titulacion, fecha_inicio, fecha_fin, estado, observaciones) VALUES (63, 63, 8, 4, 8, 63, '2023-02-16', '2024-09-13', 'Finalizada', NULL);
INSERT INTO practicas (id_practica, id_estudiante, id_docente, id_maestro, id_empresa, id_titulacion, fecha_inicio, fecha_fin, estado, observaciones) VALUES (64, 64, 6, 29, 14, 64, '2022-07-19', '2025-03-01', 'Finalizada', NULL);
INSERT INTO practicas (id_practica, id_estudiante, id_docente, id_maestro, id_empresa, id_titulacion, fecha_inicio, fecha_fin, estado, observaciones) VALUES (65, 65, 5, 16, 9, 65, '2023-03-02', '2024-07-20', 'Finalizada', NULL);
INSERT INTO practicas (id_practica, id_estudiante, id_docente, id_maestro, id_empresa, id_titulacion, fecha_inicio, fecha_fin, estado, observaciones) VALUES (66, 66, 5, 16, 9, 66, '2022-07-05', '2025-01-14', 'En curso', NULL);
INSERT INTO practicas (id_practica, id_estudiante, id_docente, id_maestro, id_empresa, id_titulacion, fecha_inicio, fecha_fin, estado, observaciones) VALUES (67, 67, 3, 15, 13, 67, '2022-10-10', '2024-07-10', 'En curso', NULL);
INSERT INTO practicas (id_practica, id_estudiante, id_docente, id_maestro, id_empresa, id_titulacion, fecha_inicio, fecha_fin, estado, observaciones) VALUES (68, 68, 8, 27, 2, 68, '2023-10-07', '2024-07-02', 'Finalizada', NULL);
INSERT INTO practicas (id_practica, id_estudiante, id_docente, id_maestro, id_empresa, id_titulacion, fecha_inicio, fecha_fin, estado, observaciones) VALUES (69, 69, 1, 25, 16, 69, '2022-12-03', '2025-05-18', 'Finalizada', NULL);
INSERT INTO practicas (id_practica, id_estudiante, id_docente, id_maestro, id_empresa, id_titulacion, fecha_inicio, fecha_fin, estado, observaciones) VALUES (70, 70, 7, 15, 16, 70, '2023-09-26', '2025-06-06', 'Finalizada', NULL);
INSERT INTO practicas (id_practica, id_estudiante, id_docente, id_maestro, id_empresa, id_titulacion, fecha_inicio, fecha_fin, estado, observaciones) VALUES (71, 71, 6, 26, 6, 71, '2023-09-09', '2024-10-28', 'En curso', NULL);
INSERT INTO practicas (id_practica, id_estudiante, id_docente, id_maestro, id_empresa, id_titulacion, fecha_inicio, fecha_fin, estado, observaciones) VALUES (72, 72, 7, 2, 3, 72, '2024-02-25', '2024-11-13', 'Finalizada', NULL);
INSERT INTO practicas (id_practica, id_estudiante, id_docente, id_maestro, id_empresa, id_titulacion, fecha_inicio, fecha_fin, estado, observaciones) VALUES (73, 73, 5, 25, 11, 73, '2022-08-25', '2025-02-22', 'En curso', NULL);
INSERT INTO practicas (id_practica, id_estudiante, id_docente, id_maestro, id_empresa, id_titulacion, fecha_inicio, fecha_fin, estado, observaciones) VALUES (74, 74, 7, 18, 14, 74, '2023-09-14', '2024-07-07', 'Finalizada', NULL);
INSERT INTO practicas (id_practica, id_estudiante, id_docente, id_maestro, id_empresa, id_titulacion, fecha_inicio, fecha_fin, estado, observaciones) VALUES (75, 75, 1, 23, 8, 75, '2023-01-05', '2025-04-18', 'Finalizada', NULL);
INSERT INTO practicas (id_practica, id_estudiante, id_docente, id_maestro, id_empresa, id_titulacion, fecha_inicio, fecha_fin, estado, observaciones) VALUES (76, 76, 4, 2, 5, 76, '2023-11-16', '2025-01-31', 'Finalizada', NULL);
INSERT INTO practicas (id_practica, id_estudiante, id_docente, id_maestro, id_empresa, id_titulacion, fecha_inicio, fecha_fin, estado, observaciones) VALUES (77, 77, 4, 30, 9, 77, '2023-07-03', '2024-07-04', 'En curso', NULL);
INSERT INTO practicas (id_practica, id_estudiante, id_docente, id_maestro, id_empresa, id_titulacion, fecha_inicio, fecha_fin, estado, observaciones) VALUES (78, 78, 2, 11, 10, 78, '2023-05-24', '2025-05-09', 'Finalizada', NULL);
INSERT INTO practicas (id_practica, id_estudiante, id_docente, id_maestro, id_empresa, id_titulacion, fecha_inicio, fecha_fin, estado, observaciones) VALUES (79, 79, 7, 26, 7, 79, '2022-09-19', '2024-09-16', 'Finalizada', NULL);
INSERT INTO practicas (id_practica, id_estudiante, id_docente, id_maestro, id_empresa, id_titulacion, fecha_inicio, fecha_fin, estado, observaciones) VALUES (80, 80, 2, 3, 12, 80, '2022-07-29', '2024-06-26', 'Finalizada', NULL);

SET FOREIGN_KEY_CHECKS = 1;
